{
	"generator_info": "Shape definitions generated with PhysicsEditor. Visit https://www.codeandweb.com/physicseditor",
	"view": {
		"type": "fromPhysicsEditor",
		"label": "view",
		"isStatic": false,
		"density": 0.1,
		"restitution": 0,
		"friction": 0.1,
		"frictionAir": 0.01,
		"frictionStatic": 0.5,
		"collisionFilter": {
			"group": 0,
			"category": 1,
			"mask": 255
		},
		"fixtures": [
			{
				"label": "",
				"isSensor": false,
				"vertices": [
					[ { "x":0, "y":182 }, { "x":2, "y":186 }, { "x":24, "y":192 }, { "x":3, "y":180 } ],
					[ { "x":66, "y":10 }, { "x":66, "y":14 }, { "x":79, "y":19 }, { "x":76, "y":14 }, { "x":68, "y":9 } ],
					[ { "x":73, "y":2 }, { "x":71, "y":1 }, { "x":68, "y":6 }, { "x":68, "y":9 }, { "x":73, "y":6 } ],
					[ { "x":10, "y":160 }, { "x":10, "y":164 }, { "x":24, "y":192 }, { "x":47, "y":198 }, { "x":12, "y":158 } ],
					[ { "x":54, "y":44 }, { "x":54, "y":48 }, { "x":90, "y":56 }, { "x":90, "y":52 }, { "x":87, "y":48 }, { "x":56, "y":42 } ],
					[ { "x":68, "y":9 }, { "x":76, "y":14 }, { "x":75, "y":7 }, { "x":73, "y":6 } ],
					[ { "x":47, "y":63 }, { "x":47, "y":67 }, { "x":97, "y":76 }, { "x":92, "y":58 }, { "x":90, "y":56 }, { "x":50, "y":59 } ],
					[ { "x":109, "y":104 }, { "x":106, "y":100 }, { "x":33, "y":101 }, { "x":27, "y":113 }, { "x":26, "y":119 }, { "x":109, "y":108 } ],
					[ { "x":87, "y":43 }, { "x":85, "y":41 }, { "x":57, "y":35 }, { "x":56, "y":42 }, { "x":87, "y":48 } ],
					[ { "x":10, "y":164 }, { "x":8, "y":165 }, { "x":3, "y":180 }, { "x":24, "y":192 } ],
					[ { "x":61, "y":28 }, { "x":57, "y":35 }, { "x":85, "y":41 }, { "x":85, "y":37 }, { "x":79, "y":19 } ],
					[ { "x":136, "y":181 }, { "x":134, "y":180 }, { "x":121, "y":195 }, { "x":129, "y":193 }, { "x":138, "y":188 }, { "x":138, "y":186 } ],
					[ { "x":99, "y":78 }, { "x":97, "y":76 }, { "x":47, "y":67 }, { "x":38, "y":85 }, { "x":38, "y":88 }, { "x":100, "y":84 } ],
					[ { "x":47, "y":198 }, { "x":69, "y":200 }, { "x":85, "y":200 }, { "x":128, "y":164 }, { "x":116, "y":126 }, { "x":21, "y":133 }, { "x":15, "y":145 }, { "x":12, "y":158 } ],
					[ { "x":50, "y":55 }, { "x":50, "y":59 }, { "x":90, "y":56 }, { "x":54, "y":48 } ],
					[ { "x":35, "y":91 }, { "x":33, "y":101 }, { "x":106, "y":100 }, { "x":100, "y":84 }, { "x":38, "y":88 } ],
					[ { "x":121, "y":195 }, { "x":134, "y":180 }, { "x":134, "y":176 }, { "x":128, "y":164 }, { "x":85, "y":200 }, { "x":96, "y":200 }, { "x":109, "y":198 } ],
					[ { "x":24, "y":120 }, { "x":21, "y":133 }, { "x":116, "y":126 }, { "x":109, "y":108 }, { "x":26, "y":119 } ],
					[ { "x":64, "y":15 }, { "x":61, "y":28 }, { "x":79, "y":19 }, { "x":66, "y":14 } ],
					[ { "x":106, "y":96 }, { "x":100, "y":84 }, { "x":106, "y":100 } ],
					[ { "x":116, "y":126 }, { "x":128, "y":164 }, { "x":118, "y":128 } ],
					[ { "x":111, "y":110 }, { "x":109, "y":108 }, { "x":116, "y":126 } ]
				]
			},
			{
				"label": "",
				"isSensor": false,
				"vertices": [
					[ { "x":108, "y":198 }, { "x":126, "y":194 }, { "x":139, "y":187 }, { "x":72, "y":-1 }, { "x":25, "y":193 }, { "x":43, "y":198 }, { "x":62, "y":200 } ],
					[ { "x":2, "y":184 }, { "x":25, "y":193 }, { "x":72, "y":-1 }, { "x":1, "y":181 } ]
				]
			},
			{
				"label": "",
				"isSensor": false,
				"vertices": [
					[ { "x":73, "y":0 }, { "x":36, "y":90 }, { "x":62, "y":200 }, { "x":86, "y":199 }, { "x":115, "y":196 }, { "x":139, "y":187 } ],
					[ { "x":62, "y":200 }, { "x":36, "y":90 }, { "x":10, "y":160 }, { "x":33, "y":196 } ],
					[ { "x":2, "y":187 }, { "x":33, "y":196 }, { "x":10, "y":160 }, { "x":1, "y":181 } ]
				]
			},
			{
				"label": "",
				"isSensor": false,
				"vertices": [
					[ { "x":139, "y":187 }, { "x":73, "y":0 }, { "x":67, "y":9 }, { "x":36, "y":90 }, { "x":86, "y":199 }, { "x":97, "y":199 } ],
					[ { "x":2, "y":187 }, { "x":25, "y":194 }, { "x":62, "y":200 }, { "x":11, "y":163 }, { "x":1, "y":181 } ],
					[ { "x":11, "y":163 }, { "x":62, "y":200 }, { "x":86, "y":199 }, { "x":36, "y":90 } ]
				]
			}
		]
	},
	"grave": {
		"type": "fromPhysicsEditor",
		"label": "grave",
		"isStatic": false,
		"density": 0.10000000149011612,
		"restitution": 0,
		"friction": 0.10000000149011612,
		"frictionAir": 0.009999999776482582,
		"frictionStatic": 0.5,
		"collisionFilter": {
			"group": 0,
			"category": 1,
			"mask": 255
		},
		"fixtures": [
			{
				"label": "",
				"isSensor": false,
				"vertices": [
					[ { "x":100, "y":94 }, { "x":66, "y":2 }, { "x":41, "y":2 }, { "x":22, "y":7 }, { "x":0, "y":23 }, { "x":0, "y":159 }, { "x":100, "y":159 } ],
					[ { "x":92, "y":13 }, { "x":82, "y":7 }, { "x":66, "y":2 }, { "x":100, "y":94 }, { "x":98, "y":18 } ]
				]
			}
		]
	}
}
